Position,Best Selling
Alabama,Alabama
Alaska,Alaska
American Samoa,American Samoa
Arizona,Arizona
Arkansas,Arkansas
Armed Forces Africa,Armed Forces Africa
Armed Forces Americas,Armed Forces Americas
Armed Forces Canada,Armed Forces Canada
Armed Forces Europe,Armed Forces Europe
Armed Forces Middle East,Armed Forces Middle East
Armed Forces Pacific,Armed Forces Pacific
California,California
Colorado,Colorado
Connecticut,Connecticut
Delaware,Delaware
District of Columbia,District of Columbia
Federated States Of Micronesia,Federated States Of Micronesia
Florida,Florida
Georgia,Georgia
Guam,Guam
Hawaii,Hawaii
Idaho,Idaho
Illinois,Illinois
Indiana,Indiana
Iowa,Iowa
Kansas,Kansas
Kentucky,Kentucky
Louisiana,Louisiana
Maine,Maine
Marshall Islands,Marshall Islands
Maryland,Maryland
Massachusetts,Massachusetts
Michigan,Michigan
Minnesota,Minnesota
Mississippi,Mississippi
Missouri,Missouri
Montana,Montana
Nebraska,Nebraska
Nevada,Nevada
New Hampshire,New Hampshire
New Jersey,New Jersey
New Mexico,New Mexico
New York,New York
North Carolina,North Carolina
North Dakota,North Dakota
Northern Mariana Islands,Northern Mariana Islands
Ohio,Ohio
Oklahoma,Oklahoma
Oregon,Oregon
Palau,Palau
Pennsylvania,Pennsylvania
Puerto Rico,Puerto Rico
Rhode Island,Rhode Island
South Carolina,South Carolina
South Dakota,South Dakota
Tennessee,Tennessee
Texas,Texas
Utah,Utah
Vermont,Vermont
Virgin Islands,Virgin Islands
Virginia,Virginia
Washington,Washington
West Virginia,West Virginia
Wisconsin,Wisconsin
Wyoming,Wyoming
Alberta,Alberta
British Columbia,British Columbia
Manitoba,Manitoba
Newfoundland and Labrador,Newfoundland and Labrador
New Brunswick,New Brunswick
Nova Scotia,Nova Scotia
Northwest Territories,Northwest Territories
Nunavut,Nunavut
Ontario,Ontario
Prince Edward Island,Prince Edward Island
Quebec,Quebec
Saskatchewan,Saskatchewan
Yukon Territory,Yukon Territory
Niedersachsen,Niedersachsen
Baden-Württemberg,Baden-Württemberg
Bayern,Bayern
Berlin,Berlin
Brandenburg,Brandenburg
Bremen,Bremen
Hamburg,Hamburg
Hessen,Hessen
Mecklenburg-Vorpommern,Mecklenburg-Vorpommern
Nordrhein-Westfalen,Nordrhein-Westfalen
Rheinland-Pfalz,Rheinland-Pfalz
Saarland,Saarland
Sachsen,Sachsen
Sachsen-Anhalt,Sachsen-Anhalt
Schleswig-Holstein,Schleswig-Holstein
Thüringen,Thüringen
Wien,Wien
Niederösterreich,Niederösterreich
Oberösterreich,Oberösterreich
Salzburg,Salzburg
Kärnten,Kärnten
Steiermark,Steiermark
Tirol,Tirol
Burgenland,Burgenland
Vorarlberg,Vorarlberg
Aargau,Aargau
Appenzell Innerrhoden,Appenzell Innerrhoden
Appenzell Ausserrhoden,Appenzell Ausserrhoden
Bern,Bern
Basel-Landschaft,Basel-Landschaft
Basel-Stadt,Basel-Stadt
Freiburg,Freiburg
Genf,Genf
Glarus,Glarus
Graubünden,Graubünden
Jura,Jura
Luzern,Luzern
Neuenburg,Neuenburg
Nidwalden,Nidwalden
Obwalden,Obwalden
St. Gallen,St. Gallen
Schaffhausen,Schaffhausen
Solothurn,Solothurn
Schwyz,Schwyz
Thurgau,Thurgau
Tessin,Tessin
Uri,Uri
Waadt,Waadt
Wallis,Wallis
Zug,Zug
Zürich,Zürich
A Coruña,A Coruña
Alava,Alava
Albacete,Albacete
Alicante,Alicante
Almeria,Almeria
Asturias,Asturias
Avila,Avila
Badajoz,Badajoz
Baleares,Baleares
Barcelona,Barcelona
Burgos,Burgos
Caceres,Caceres
Cadiz,Cadiz
Cantabria,Cantabria
Castellon,Castellon
Ceuta,Ceuta
Ciudad Real,Ciudad Real
Cordoba,Cordoba
Cuenca,Cuenca
Girona,Girona
Granada,Granada
Guadalajara,Guadalajara
Guipuzcoa,Guipuzcoa
Huelva,Huelva
Huesca,Huesca
Jaen,Jaen
La Rioja,La Rioja
Las Palmas,Las Palmas
Leon,Leon
Lleida,Lleida
Lugo,Lugo
Madrid,Madrid
Malaga,Malaga
Melilla,Melilla
Murcia,Murcia
Navarra,Navarra
Ourense,Ourense
Palencia,Palencia
Pontevedra,Pontevedra
Salamanca,Salamanca
Santa Cruz de Tenerife,Santa Cruz de Tenerife
Segovia,Segovia
Sevilla,Sevilla
Soria,Soria
Tarragona,Tarragona
Teruel,Teruel
Toledo,Toledo
Valencia,Valencia
Valladolid,Valladolid
Vizcaya,Vizcaya
Zamora,Zamora
Zaragoza,Zaragoza
Ain,Ain
Aisne,Aisne
Allier,Allier
Alpes-de-Haute-Provence,Alpes-de-Haute-Provence
Hautes-Alpes,Hautes-Alpes
Alpes-Maritimes,Alpes-Maritimes
Ardèche,Ardèche
Ardennes,Ardennes
Ariège,Ariège
Aube,Aube
Aude,Aude
Aveyron,Aveyron
Bouches-du-Rhône,Bouches-du-Rhône
Calvados,Calvados
Cantal,Cantal
Charente,Charente
Charente-Maritime,Charente-Maritime
Cher,Cher
Corrèze,Corrèze
Corse-du-Sud,Corse-du-Sud
Haute-Corse,Haute-Corse
Côte-d'Or,Côte-d'Or
Côtes-d'Armor,Côtes-d'Armor
Creuse,Creuse
Dordogne,Dordogne
Doubs,Doubs
Drôme,Drôme
Eure,Eure
Eure-et-Loir,Eure-et-Loir
Finistère,Finistère
Gard,Gard
Haute-Garonne,Haute-Garonne
Gers,Gers
Gironde,Gironde
Hérault,Hérault
Ille-et-Vilaine,Ille-et-Vilaine
Indre,Indre
Indre-et-Loire,Indre-et-Loire
Isère,Isère
Jura,Jura
Landes,Landes
Loir-et-Cher,Loir-et-Cher
Loire,Loire
Haute-Loire,Haute-Loire
Loire-Atlantique,Loire-Atlantique
Loiret,Loiret
Lot,Lot
Lot-et-Garonne,Lot-et-Garonne
Lozère,Lozère
Maine-et-Loire,Maine-et-Loire
Manche,Manche
Marne,Marne
Haute-Marne,Haute-Marne
Mayenne,Mayenne
Meurthe-et-Moselle,Meurthe-et-Moselle
Meuse,Meuse
Morbihan,Morbihan
Moselle,Moselle
Nièvre,Nièvre
Nord,Nord
Oise,Oise
Orne,Orne
Pas-de-Calais,Pas-de-Calais
Puy-de-Dôme,Puy-de-Dôme
Pyrénées-Atlantiques,Pyrénées-Atlantiques
Hautes-Pyrénées,Hautes-Pyrénées
Pyrénées-Orientales,Pyrénées-Orientales
Bas-Rhin,Bas-Rhin
Haut-Rhin,Haut-Rhin
Rhône,Rhône
Haute-Saône,Haute-Saône
Saône-et-Loire,Saône-et-Loire
Sarthe,Sarthe
Savoie,Savoie
Haute-Savoie,Haute-Savoie
Paris,Paris
Seine-Maritime,Seine-Maritime
Seine-et-Marne,Seine-et-Marne
Yvelines,Yvelines
Deux-Sèvres,Deux-Sèvres
Somme,Somme
Tarn,Tarn
Tarn-et-Garonne,Tarn-et-Garonne
Var,Var
Vaucluse,Vaucluse
Vendée,Vendée
Vienne,Vienne
Haute-Vienne,Haute-Vienne
Vosges,Vosges
Yonne,Yonne
Territoire-de-Belfort,Territoire-de-Belfort
Essonne,Essonne
Hauts-de-Seine,Hauts-de-Seine
Seine-Saint-Denis,Seine-Saint-Denis
Val-de-Marne,Val-de-Marne
Val-d'Oise,Val-d'Oise
Alba,Alba
Arad,Arad
Argeş,Argeş
Bacău,Bacău
Bihor,Bihor
Bistriţa-Năsăud,Bistriţa-Năsăud
Botoşani,Botoşani
Braşov,Braşov
Brăila,Brăila
Bucureşti,Bucureşti
Buzău,Buzău
Caraş-Severin,Caraş-Severin
Călăraşi,Călăraşi
Cluj,Cluj
Constanţa,Constanţa
Covasna,Covasna
Dâmboviţa,Dâmboviţa
Dolj,Dolj
Galaţi,Galaţi
Giurgiu,Giurgiu
Gorj,Gorj
Harghita,Harghita
Hunedoara,Hunedoara
Ialomiţa,Ialomiţa
Iaşi,Iaşi
Ilfov,Ilfov
Maramureş,Maramureş
Mehedinţi,Mehedinţi
Mureş,Mureş
Neamţ,Neamţ
Olt,Olt
Prahova,Prahova
Satu-Mare,Satu-Mare
Sălaj,Sălaj
Sibiu,Sibiu
Suceava,Suceava
Teleorman,Teleorman
Timiş,Timiş
Tulcea,Tulcea
Vaslui,Vaslui
Vâlcea,Vâlcea
Vrancea,Vrancea
Lappi,Lappi
Pohjois-Pohjanmaa,Pohjois-Pohjanmaa
Kainuu,Kainuu
Pohjois-Karjala,Pohjois-Karjala
Pohjois-Savo,Pohjois-Savo
Etelä-Savo,Etelä-Savo
Etelä-Pohjanmaa,Etelä-Pohjanmaa
Pohjanmaa,Pohjanmaa
Pirkanmaa,Pirkanmaa
Satakunta,Satakunta
Keski-Pohjanmaa,Keski-Pohjanmaa
Keski-Suomi,Keski-Suomi
Varsinais-Suomi,Varsinais-Suomi
Etelä-Karjala,Etelä-Karjala
Päijät-Häme,Päijät-Häme
Kanta-Häme,Kanta-Häme
Uusimaa,Uusimaa
Itä-Uusimaa,Itä-Uusimaa
Kymenlaakso,Kymenlaakso
Ahvenanmaa,Ahvenanmaa
Harjumaa,Harjumaa
Hiiumaa,Hiiumaa
Ida-Virumaa,Ida-Virumaa
Jõgevamaa,Jõgevamaa
Järvamaa,Järvamaa
Läänemaa,Läänemaa
Lääne-Virumaa,Lääne-Virumaa
Põlvamaa,Põlvamaa
Pärnumaa,Pärnumaa
Raplamaa,Raplamaa
Saaremaa,Saaremaa
Tartumaa,Tartumaa
Valgamaa,Valgamaa
Viljandimaa,Viljandimaa
Võrumaa,Võrumaa
Daugavpils,Daugavpils
Jelgava,Jelgava
Jēkabpils,Jēkabpils
Jūrmala,Jūrmala
Liepāja,Liepāja
Liepājas novads,Liepājas novads
Rēzekne,Rēzekne
Rīga,Rīga
Rīgas novads,Rīgas novads
Valmiera,Valmiera
Ventspils,Ventspils
Aglonas novads,Aglonas novads
Aizkraukles novads,Aizkraukles novads
Aizputes novads,Aizputes novads
Aknīstes novads,Aknīstes novads
Alojas novads,Alojas novads
Alsungas novads,Alsungas novads
Alūksnes novads,Alūksnes novads
Amatas novads,Amatas novads
Apes novads,Apes novads
Auces novads,Auces novads
Babītes novads,Babītes novads
Baldones novads,Baldones novads
Baltinavas novads,Baltinavas novads
Balvu novads,Balvu novads
Bauskas novads,Bauskas novads
Beverīnas novads,Beverīnas novads
Brocēnu novads,Brocēnu novads
Burtnieku novads,Burtnieku novads
Carnikavas novads,Carnikavas novads
Cesvaines novads,Cesvaines novads
Ciblas novads,Ciblas novads
Cēsu novads,Cēsu novads
Dagdas novads,Dagdas novads
Daugavpils novads,Daugavpils novads
Dobeles novads,Dobeles novads
Dundagas novads,Dundagas novads
Durbes novads,Durbes novads
Engures novads,Engures novads
Garkalnes novads,Garkalnes novads
Grobiņas novads,Grobiņas novads
Gulbenes novads,Gulbenes novads
Iecavas novads,Iecavas novads
Ikšķiles novads,Ikšķiles novads
Ilūkstes novads,Ilūkstes novads
Inčukalna novads,Inčukalna novads
Jaunjelgavas novads,Jaunjelgavas novads
Jaunpiebalgas novads,Jaunpiebalgas novads
Jaunpils novads,Jaunpils novads
Jelgavas novads,Jelgavas novads
Jēkabpils novads,Jēkabpils novads
Kandavas novads,Kandavas novads
Kokneses novads,Kokneses novads
Krimuldas novads,Krimuldas novads
Krustpils novads,Krustpils novads
Krāslavas novads,Krāslavas novads
Kuldīgas novads,Kuldīgas novads
Kārsavas novads,Kārsavas novads
Lielvārdes novads,Lielvārdes novads
Limbažu novads,Limbažu novads
Lubānas novads,Lubānas novads
Ludzas novads,Ludzas novads
Līgatnes novads,Līgatnes novads
Līvānu novads,Līvānu novads
Madonas novads,Madonas novads
Mazsalacas novads,Mazsalacas novads
Mālpils novads,Mālpils novads
Mārupes novads,Mārupes novads
Naukšēnu novads,Naukšēnu novads
Neretas novads,Neretas novads
Nīcas novads,Nīcas novads
Ogres novads,Ogres novads
Olaines novads,Olaines novads
Ozolnieku novads,Ozolnieku novads
Preiļu novads,Preiļu novads
Priekules novads,Priekules novads
Priekuļu novads,Priekuļu novads
Pārgaujas novads,Pārgaujas novads
Pāvilostas novads,Pāvilostas novads
Pļaviņu novads,Pļaviņu novads
Raunas novads,Raunas novads
Riebiņu novads,Riebiņu novads
Rojas novads,Rojas novads
Ropažu novads,Ropažu novads
Rucavas novads,Rucavas novads
Rugāju novads,Rugāju novads
Rundāles novads,Rundāles novads
Rēzeknes novads,Rēzeknes novads
Rūjienas novads,Rūjienas novads
Salacgrīvas novads,Salacgrīvas novads
Salas novads,Salas novads
Salaspils novads,Salaspils novads
Saldus novads,Saldus novads
Saulkrastu novads,Saulkrastu novads
Siguldas novads,Siguldas novads
Skrundas novads,Skrundas novads
Skrīveru novads,Skrīveru novads
Smiltenes novads,Smiltenes novads
Stopiņu novads,Stopiņu novads
Strenču novads,Strenču novads
Sējas novads,Sējas novads
Talsu novads,Talsu novads
Tukuma novads,Tukuma novads
Tērvetes novads,Tērvetes novads
Vaiņodes novads,Vaiņodes novads
Valkas novads,Valkas novads
Valmieras novads,Valmieras novads
Varakļānu novads,Varakļānu novads
Vecpiebalgas novads,Vecpiebalgas novads
Vecumnieku novads,Vecumnieku novads
Ventspils novads,Ventspils novads
Viesītes novads,Viesītes novads
Viļakas novads,Viļakas novads
Viļānu novads,Viļānu novads
Vārkavas novads,Vārkavas novads
Zilupes novads,Zilupes novads
Ādažu novads,Ādažu novads
Ērgļu novads,Ērgļu novads
Ķeguma novads,Ķeguma novads
Ķekavas novads,Ķekavas novads
Alytaus Apskritis,Alytaus Apskritis
Kauno Apskritis,Kauno Apskritis
Klaipėdos Apskritis,Klaipėdos Apskritis
Marijampolės Apskritis,Marijampolės Apskritis
Panevėžio Apskritis,Panevėžio Apskritis
Šiaulių Apskritis,Šiaulių Apskritis
Tauragės Apskritis,Tauragės Apskritis
Telšių Apskritis,Telšių Apskritis
Utenos Apskritis,Utenos Apskritis
Vilniaus Apskritis,Vilniaus Apskritis
Acre,Acre
Alagoas,Alagoas
Amapá,Amapá
Amazonas,Amazonas
Bahia,Bahia
Ceará,Ceará
Espírito Santo,Espírito Santo
Goiás,Goiás
Maranhão,Maranhão
Mato Grosso,Mato Grosso
Mato Grosso do Sul,Mato Grosso do Sul
Minas Gerais,Minas Gerais
Pará,Pará
Paraíba,Paraíba
Paraná,Paraná
Pernambuco,Pernambuco
Piauí,Piauí
Rio de Janeiro,Rio de Janeiro
Rio Grande do Norte,Rio Grande do Norte
Rio Grande do Sul,Rio Grande do Sul
Rondônia,Rondônia
Roraima,Roraima
Santa Catarina,Santa Catarina
São Paulo,São Paulo
Sergipe,Sergipe
Tocantins,Tocantins
Distrito Federal,Distrito Federal
Berat,Berat
Dibër,Dibër
Durrës,Durrës
Elbasan,Elbasan
Fier,Fier
Gjirokastër,Gjirokastër
Korçë,Korçë
Kukës,Kukës
Lezhë,Lezhë
Shkodër,Shkodër
Tiranë,Tiranë
Vlorë,Vlorë
Ciudad Autónoma de Buenos Aires,Ciudad Autónoma de Buenos Aires
Buenos Aires,Buenos Aires
Catamarca,Catamarca
Chaco,Chaco
Chubut,Chubut
Córdoba,Córdoba
Corrientes,Corrientes
Entre Ríos,Entre Ríos
Formosa,Formosa
Jujuy,Jujuy
La Pampa,La Pampa
La Rioja,La Rioja
Mendoza,Mendoza
Misiones,Misiones
Neuquén,Neuquén
Río Negro,Río Negro
Salta,Salta
San Juan,San Juan
San Luis,San Luis
Santa Cruz,Santa Cruz
Santa Fe,Santa Fe
Santiago del Estero,Santiago del Estero
Tierra del Fuego,Tierra del Fuego
Tucumán,Tucumán
Zagrebačka županija,Zagrebačka županija
Krapinsko-zagorska županija,Krapinsko-zagorska županija
Sisačko-moslavačka županija,Sisačko-moslavačka županija
Karlovačka županija,Karlovačka županija
Varaždinska županija,Varaždinska županija
Koprivničko-križevačka županija,Koprivničko-križevačka županija
Bjelovarsko-bilogorska županija,Bjelovarsko-bilogorska županija
Primorsko-goranska županija,Primorsko-goranska županija
Ličko-senjska županija,Ličko-senjska županija
Virovitičko-podravska županija,Virovitičko-podravska županija
Požeško-slavonska županija,Požeško-slavonska županija
Brodsko-posavska županija,Brodsko-posavska županija
Zadarska županija,Zadarska županija
Osječko-baranjska županija,Osječko-baranjska županija
Šibensko-kninska županija,Šibensko-kninska županija
Vukovarsko-srijemska županija,Vukovarsko-srijemska županija
Splitsko-dalmatinska županija,Splitsko-dalmatinska županija
Istarska županija,Istarska županija
Dubrovačko-neretvanska županija,Dubrovačko-neretvanska županija
Međimurska županija,Međimurska županija
Grad Zagreb,Grad Zagreb
Andaman and Nicobar Islands,Andaman and Nicobar Islands
Andhra Pradesh,Andhra Pradesh
Arunachal Pradesh,Arunachal Pradesh
Assam,Assam
Bihar,Bihar
Chandigarh,Chandigarh
Chhattisgarh,Chhattisgarh
Dadra and Nagar Haveli,Dadra and Nagar Haveli
Daman and Diu,Daman and Diu
Delhi,Delhi
Goa,Goa
Gujarat,Gujarat
Haryana,Haryana
Himachal Pradesh,Himachal Pradesh
Jammu and Kashmir,Jammu and Kashmir
Jharkhand,Jharkhand
Karnataka,Karnataka
Kerala,Kerala
Lakshadweep,Lakshadweep
Madhya Pradesh,Madhya Pradesh
Maharashtra,Maharashtra
Manipur,Manipur
Meghalaya,Meghalaya
Mizoram,Mizoram
Nagaland,Nagaland
Odisha,Odisha
Puducherry,Puducherry
Punjab,Punjab
Rajasthan,Rajasthan
Sikkim,Sikkim
Tamil Nadu,Tamil Nadu
Telangana,Telangana
Tripura,Tripura
Uttar Pradesh,Uttar Pradesh
Uttarakhand,Uttarakhand
West Bengal,West Bengal
Australian Capital Territory,Australian Capital Territory
New South Wales,New South Wales
Victoria,Victoria
Queensland,Queensland
South Australia,South Australia
Tasmania,Tasmania
Western Australia,Western Australia
Northern Territory,Northern Territory
Antwerpen,Antwerpen
Brabant wallon,Brabant wallon
Brussels-Capital Region,Brussels-Capital Region
Hainaut,Hainaut
Limburg,Limburg
Liège,Liège
Luxembourg,Luxembourg
Namur,Namur
Oost-Vlaanderen,Oost-Vlaanderen
Vlaams-Brabant,Vlaams-Brabant
West-Vlaanderen,West-Vlaanderen
Cochabamba,Cochabamba
Chuquisaca,Chuquisaca
El Beni,El Beni
La Paz,La Paz
Oruro,Oruro
Pando,Pando
Potosí,Potosí
Santa Cruz,Santa Cruz
Tarija,Tarija
Blagoevgrad,Blagoevgrad
Burgas,Burgas
Varna,Varna
Veliko Tarnovo,Veliko Tarnovo
Vidin,Vidin
Vratsa,Vratsa
Gabrovo,Gabrovo
Dobrich,Dobrich
Kardzhali,Kardzhali
Kyustendil,Kyustendil
Lovech,Lovech
Montana,Montana
Pazardzhik,Pazardzhik
Pernik,Pernik
Pleven,Pleven
Plovdiv,Plovdiv
Razgrad,Razgrad
Ruse,Ruse
Silistra,Silistra
Sliven,Sliven
Smolyan,Smolyan
Sofia City,Sofia City
Sofia Province,Sofia Province
Stara Zagora,Stara Zagora
Targovishte,Targovishte
Haskovo,Haskovo
Shumen,Shumen
Yambol,Yambol
Aisén del General Carlos Ibañez del Campo,Aisén del General Carlos Ibañez del Campo
Antofagasta,Antofagasta
Arica y Parinacota,Arica y Parinacota
La Araucanía,La Araucanía
Atacama,Atacama
Biobío,Biobío
Coquimbo,Coquimbo
Libertador General Bernardo O'Higgins,Libertador General Bernardo O'Higgins
Los Lagos,Los Lagos
Los Ríos,Los Ríos
Magallanes,Magallanes
Maule,Maule
Ñuble,Ñuble
Región Metropolitana de Santiago,Región Metropolitana de Santiago
Tarapacá,Tarapacá
Valparaíso,Valparaíso
Anhui Sheng,Anhui Sheng
Beijing Shi,Beijing Shi
Chongqing Shi,Chongqing Shi
Fujian Sheng,Fujian Sheng
Gansu Sheng,Gansu Sheng
Guangdong Sheng,Guangdong Sheng
Guangxi Zhuangzu Zizhiqu,Guangxi Zhuangzu Zizhiqu
Guizhou Sheng,Guizhou Sheng
Hainan Sheng,Hainan Sheng
Hebei Sheng,Hebei Sheng
Heilongjiang Sheng,Heilongjiang Sheng
Henan Sheng,Henan Sheng
Hong Kong SAR,Hong Kong SAR
Hubei Sheng,Hubei Sheng
Hunan Sheng,Hunan Sheng
Jiangsu Sheng,Jiangsu Sheng
Jiangxi Sheng,Jiangxi Sheng
Jilin Sheng,Jilin Sheng
Liaoning Sheng,Liaoning Sheng
Macao SAR,Macao SAR
Nei Mongol Zizhiqu,Nei Mongol Zizhiqu
Ningxia Huizi Zizhiqu,Ningxia Huizi Zizhiqu
Qinghai Sheng,Qinghai Sheng
Shaanxi Sheng,Shaanxi Sheng
Shandong Sheng,Shandong Sheng
Shanghai Shi,Shanghai Shi
Shanxi Sheng,Shanxi Sheng
Sichuan Sheng,Sichuan Sheng
Taiwan Sheng,Taiwan Sheng
Tianjin Shi,Tianjin Shi
Xinjiang Uygur Zizhiqu,Xinjiang Uygur Zizhiqu
Xizang Zizhiqu,Xizang Zizhiqu
Yunnan Sheng,Yunnan Sheng
Zhejiang Sheng,Zhejiang Sheng
Amazonas,Amazonas
Antioquia,Antioquia
Arauca,Arauca
Atlántico,Atlántico
Bolívar,Bolívar
Boyacá,Boyacá
Caldas,Caldas
Caquetá,Caquetá
Casanare,Casanare
Cauca,Cauca
Cesar,Cesar
Chocó,Chocó
Córdoba,Córdoba
Cundinamarca,Cundinamarca
Guainía,Guainía
Guaviare,Guaviare
Huila,Huila
La Guajira,La Guajira
Magdalena,Magdalena
Meta,Meta
Nariño,Nariño
Norte de Santander,Norte de Santander
Putumayo,Putumayo
Quindío,Quindío
Risaralda,Risaralda
San Andrés y Providencia,San Andrés y Providencia
Santander,Santander
Sucre,Sucre
Tolima,Tolima
Valle del Cauca,Valle del Cauca
Vaupés,Vaupés
Vichada,Vichada
Hovedstaden,Hovedstaden
Midtjylland,Midtjylland
Nordjylland,Nordjylland
Sjælland,Sjælland
Syddanmark,Syddanmark
Azuay,Azuay
Bolívar,Bolívar
Cañar,Cañar
Carchi,Carchi
Chimborazo,Chimborazo
Cotopaxi,Cotopaxi
El Oro,El Oro
Esmeraldas,Esmeraldas
Galápagos,Galápagos
Guayas,Guayas
Imbabura,Imbabura
Loja,Loja
Los Ríos,Los Ríos
Manabí,Manabí
Morona Santiago,Morona Santiago
Napo,Napo
Orellana,Orellana
Pastaza,Pastaza
Pichincha,Pichincha
Santa Elena,Santa Elena
Santo Domingo de los Tsáchilas,Santo Domingo de los Tsáchilas
Sucumbíos,Sucumbíos
Tungurahua,Tungurahua
Zamora Chinchipe,Zamora Chinchipe
Anatolikí Makedonía kai Thráki,Anatolikí Makedonía kai Thráki
Attikí,Attikí
Dytikí Elláda,Dytikí Elláda
Dytikí Makedonía,Dytikí Makedonía
Ionía Nísia,Ionía Nísia
Ípeiros,Ípeiros
Kentrikí Makedonía,Kentrikí Makedonía
Kríti,Kríti
Nótio Aigaío,Nótio Aigaío
Pelopónnisos,Pelopónnisos
Stereá Elláda,Stereá Elláda
Thessalía,Thessalía
Vóreio Aigaío,Vóreio Aigaío
Ágion Óros,Ágion Óros
Barima-Waini,Barima-Waini
Cuyuni-Mazaruni,Cuyuni-Mazaruni
Demerara-Mahaica,Demerara-Mahaica
East Berbice-Corentyne,East Berbice-Corentyne
Essequibo Islands-West Demerara,Essequibo Islands-West Demerara
Mahaica-Berbice,Mahaica-Berbice
Pomeroon-Supenaam,Pomeroon-Supenaam
Potaro-Siparuni,Potaro-Siparuni
Upper Demerara-Berbice,Upper Demerara-Berbice
Upper Takutu-Upper Essequibo,Upper Takutu-Upper Essequibo
Höfuðborgarsvæði,Höfuðborgarsvæði
Suðurnes,Suðurnes
Vesturland,Vesturland
Vestfirðir,Vestfirðir
Norðurland vestra,Norðurland vestra
Norðurland eystra,Norðurland eystra
Austurland,Austurland
Suðurland,Suðurland
Agrigento,Agrigento
Alessandria,Alessandria
Ancona,Ancona
Aosta,Aosta
L'Aquila,L'Aquila
Arezzo,Arezzo
Ascoli-Piceno,Ascoli-Piceno
Asti,Asti
Avellino,Avellino
Bari,Bari
Barletta-Andria-Trani,Barletta-Andria-Trani
Belluno,Belluno
Benevento,Benevento
Bergamo,Bergamo
Biella,Biella
Bologna,Bologna
Bolzano,Bolzano
Brescia,Brescia
Brindisi,Brindisi
Cagliari,Cagliari
Caltanissetta,Caltanissetta
Campobasso,Campobasso
Carbonia Iglesias,Carbonia Iglesias
Caserta,Caserta
Catania,Catania
Catanzaro,Catanzaro
Chieti,Chieti
Como,Como
Cosenza,Cosenza
Cremona,Cremona
Crotone,Crotone
Cuneo,Cuneo
Enna,Enna
Fermo,Fermo
Ferrara,Ferrara
Firenze,Firenze
Foggia,Foggia
Forli-Cesena,Forli-Cesena
Frosinone,Frosinone
Genova,Genova
Gorizia,Gorizia
Grosseto,Grosseto
Imperia,Imperia
Isernia,Isernia
La-Spezia,La-Spezia
Latina,Latina
Lecce,Lecce
Lecco,Lecco
Livorno,Livorno
Lodi,Lodi
Lucca,Lucca
Macerata,Macerata
Mantova,Mantova
Massa-Carrara,Massa-Carrara
Matera,Matera
Medio Campidano,Medio Campidano
Messina,Messina
Milano,Milano
Modena,Modena
Monza-Brianza,Monza-Brianza
Napoli,Napoli
Novara,Novara
Nuoro,Nuoro
Ogliastra,Ogliastra
Olbia Tempio,Olbia Tempio
Oristano,Oristano
Padova,Padova
Palermo,Palermo
Parma,Parma
Pavia,Pavia
Perugia,Perugia
Pesaro-Urbino,Pesaro-Urbino
Pescara,Pescara
Piacenza,Piacenza
Pisa,Pisa
Pistoia,Pistoia
Pordenone,Pordenone
Potenza,Potenza
Prato,Prato
Ragusa,Ragusa
Ravenna,Ravenna
Reggio-Calabria,Reggio-Calabria
Reggio-Emilia,Reggio-Emilia
Rieti,Rieti
Rimini,Rimini
Roma,Roma
Rovigo,Rovigo
Salerno,Salerno
Sassari,Sassari
Savona,Savona
Siena,Siena
Siracusa,Siracusa
Sondrio,Sondrio
Taranto,Taranto
Teramo,Teramo
Terni,Terni
Torino,Torino
Trapani,Trapani
Trento,Trento
Treviso,Treviso
Trieste,Trieste
Udine,Udine
Varese,Varese
Venezia,Venezia
Verbania,Verbania
Vercelli,Vercelli
Verona,Verona
Vibo-Valentia,Vibo-Valentia
Vicenza,Vicenza
Viterbo,Viterbo
Aguascalientes,Aguascalientes
Baja California,Baja California
Baja California Sur,Baja California Sur
Campeche,Campeche
Chiapas,Chiapas
Chihuahua,Chihuahua
Ciudad de México,Ciudad de México
Coahuila,Coahuila
Colima,Colima
Durango,Durango
Estado de México,Estado de México
Guanajuato,Guanajuato
Guerrero,Guerrero
Hidalgo,Hidalgo
Jalisco,Jalisco
Michoacán,Michoacán
Morelos,Morelos
Nayarit,Nayarit
Nuevo León,Nuevo León
Oaxaca,Oaxaca
Puebla,Puebla
Querétaro,Querétaro
Quintana Roo,Quintana Roo
San Luis Potosí,San Luis Potosí
Sinaloa,Sinaloa
Sonora,Sonora
Tabasco,Tabasco
Tamaulipas,Tamaulipas
Tlaxcala,Tlaxcala
Veracruz,Veracruz
Yucatán,Yucatán
Zacatecas,Zacatecas
Asunción,Asunción
Alto Paraguay,Alto Paraguay
Alto Paraná,Alto Paraná
Amambay,Amambay
Boquerón,Boquerón
Caaguazú,Caaguazú
Caazapá,Caazapá
Canindeyú,Canindeyú
Central,Central
Concepción,Concepción
Cordillera,Cordillera
Guairá,Guairá
Itapúa,Itapúa
Misiones,Misiones
Ñeembucú,Ñeembucú
Paraguarí,Paraguarí
Presidente Hayes,Presidente Hayes
San Pedro,San Pedro
Municipalidad Metropolitana de Lima,Municipalidad Metropolitana de Lima
Amazonas,Amazonas
Ancash,Ancash
Apurímac,Apurímac
Arequipa,Arequipa
Ayacucho,Ayacucho
Cajamarca,Cajamarca
Cusco,Cusco
El Callao,El Callao
Huancavelica,Huancavelica
Huánuco,Huánuco
Ica,Ica
Junín,Junín
La Libertad,La Libertad
Lambayeque,Lambayeque
Lima,Lima
Loreto,Loreto
Madre de Dios,Madre de Dios
Moquegua,Moquegua
Pasco,Pasco
Piura,Piura
Puno,Puno
San Martín,San Martín
Tacna,Tacna
Tumbes,Tumbes
Ucayali,Ucayali
dolnośląskie,dolnośląskie
kujawsko-pomorskie,kujawsko-pomorskie
lubelskie,lubelskie
lubuskie,lubuskie
łódzkie,łódzkie
małopolskie,małopolskie
mazowieckie,mazowieckie
opolskie,opolskie
podkarpackie,podkarpackie
podlaskie,podlaskie
pomorskie,pomorskie
śląskie,śląskie
świętokrzyskie,świętokrzyskie
warmińsko-mazurskie,warmińsko-mazurskie
wielkopolskie,wielkopolskie
zachodniopomorskie,zachodniopomorskie
Aveiro,Aveiro
Beja,Beja
Braga,Braga
Bragança,Bragança
Castelo Branco,Castelo Branco
Coimbra,Coimbra
Évora,Évora
Faro,Faro
Guarda,Guarda
Leiria,Leiria
Lisboa,Lisboa
Portalegre,Portalegre
Porto,Porto
Santarém,Santarém
Setúbal,Setúbal
Viana do Castelo,Viana do Castelo
Vila Real,Vila Real
Viseu,Viseu
Região Autónoma dos Açores,Região Autónoma dos Açores
Região Autónoma da Madeira,Região Autónoma da Madeira
Brokopondo,Brokopondo
Commewijne,Commewijne
Coronie,Coronie
Marowijne,Marowijne
Nickerie,Nickerie
Para,Para
Paramaribo,Paramaribo
Saramacca,Saramacca
Sipaliwini,Sipaliwini
Wanica,Wanica
Blekinge län,Blekinge län
Dalarnas län,Dalarnas län
Gotlands län,Gotlands län
Gävleborgs län,Gävleborgs län
Hallands län,Hallands län
Jämtlands län,Jämtlands län
Jönköpings län,Jönköpings län
Kalmar län,Kalmar län
Kronobergs län,Kronobergs län
Norrbottens län,Norrbottens län
Skåne län,Skåne län
Stockholms län,Stockholms län
Södermanlands län,Södermanlands län
Uppsala län,Uppsala län
Värmlands län,Värmlands län
Västerbottens län,Västerbottens län
Västernorrlands län,Västernorrlands län
Västmanlands län,Västmanlands län
Västra Götalands län,Västra Götalands län
Örebro län,Örebro län
Östergötlands län,Östergötlands län
Artigas,Artigas
Canelones,Canelones
Cerro Largo,Cerro Largo
Colonia,Colonia
Durazno,Durazno
Flores,Flores
Florida,Florida
Lavalleja,Lavalleja
Maldonado,Maldonado
Montevideo,Montevideo
Paysandu,Paysandu
Río Negro,Río Negro
Rivera,Rivera
Rocha,Rocha
Salto,Salto
San José,San José
Soriano,Soriano
Tacuarembó,Tacuarembó
Treinta y Tres,Treinta y Tres
Dependencias Federales,Dependencias Federales
Distrito Capital,Distrito Capital
Amazonas,Amazonas
Anzoátegui,Anzoátegui
Apure,Apure
Aragua,Aragua
Barinas,Barinas
Bolívar,Bolívar
Carabobo,Carabobo
Cojedes,Cojedes
Delta Amacuro,Delta Amacuro
Falcón,Falcón
Guárico,Guárico
Lara,Lara
Mérida,Mérida
Miranda,Miranda
Monagas,Monagas
Nueva Esparta,Nueva Esparta
Portuguesa,Portuguesa
Sucre,Sucre
Táchira,Táchira
Trujillo,Trujillo
Vargas,Vargas
Yaracuy,Yaracuy
Zulia,Zulia
